Blast No.,Date of Blast,Location of Blast,Total Charge,Max Charge Delay,Station,Distance,PPV,Freq,Airblast(dbl),Flyrock,Hole Dia,Hole Depth,No. Of Holes,Avg Burden,Avg Spacing,Avg Stem Length,Avg Charge Hole,Ton Recover,Powder Factor
MAD626201862908,2018-06-26, Pit 1 Road side East (RE) and RL400 TO RL390,869.5,43.0,Myilkal,300.0,3.94,19.0,112.0,25.0,115.0,8.0,25.0,2.5,3.0,3.0,34.78,0.0,1.73
MAD629201860037,2018-06-29, Pit 1 Road side East (RE) and RL400 TO RL390,874.64,41.0,Myil kal,430.0,1.08,27.0,118.0,30.0,115.0,8.0,26.0,2.5,3.0,3.0,33.64,0.0,1.78
MAD630201852217,2018-06-30, Pit 2 Road side West (RW) and RL 360 TO RL350,746.7,65.0,Gandhi Nagar,753.0,1.33,13.0,100.0,20.0,115.0,12.0,15.0,2.5,3.0,3.0,49.78,0.0,0.0
MAD72201853249,2018-07-02, Pit 1 Road side East (RE) and RL400 TO RL390,925.02,40.0,Myil kal,445.0,1.27,34.0,110.0,10.0,115.0,8.0,27.0,3.0,4.0,3.0,34.26,0.0,0.0
MAD73201842559,2018-07-03, Pit 1 Road side East (RE) and RL390 TO RL380,1148.52,40.0,Myil kal,440.0,1.27,19.0,118.0,10.0,115.0,8.0,34.0,3.0,4.0,3.0,33.78,0.0,0.0
MAD77201833327,2018-07-07, Pit 2 Road side West (RW) and RL370 TO RL360,725.0,36.0,Gandinagar,760.0,1.08,14.0,112.0,10.0,115.0,6.5,20.0,2.5,3.0,2.7,36.25,0.0,0.0
MAD714201832917,2018-07-14, Pit 1 Road side East (RE) and RL390 TO RL380,822.94,44.0,Myilkal,430.0,1.33,27.0,110.0,10.0,115.0,8.0,23.0,3.0,4.0,2.5,35.78,0.0,0.0
MAD717201843009,2018-07-17, Pit 2 Road side West (RW) and RL 360 TO RL350,795.26,58.0,Highway Bridge,190.0,1.21,47.0,114.0,10.0,115.0,10.0,17.0,3.0,4.0,3.0,46.78,0.0,0.0
MAD724201850843,2018-07-24, Pit 2 Road side West (RW) and RL340 TO RL330,1160.88,73.0,Gandhi Nagar,720.0,1.21,18.0,100.0,15.0,115.0,12.0,21.0,2.5,3.0,3.5,55.28,0.0,0.0
MAD728201831245,2018-07-28, Pit 2 Road side West (RW) and RL 350 TO RL340,466.8,16.0,Highway Bridge,370.0,1.52,16.0,120.0,30.0,115.0,4.0,30.0,2.5,3.0,2.0,15.56,0.0,0.0
MAD730201844035,2018-07-30, Pit 2 Road side West (RW) and RL 350 TO RL340,359.0,17.5,NH Bridge,250.0,1.27,39.0,118.0,10.0,115.0,4.0,20.0,2.5,3.0,2.5,17.95,0.0,0.0
MAD82201854704,2018-08-02, Pit 2 Road side West (RW) and RL340 TO RL330,1155.6,74.0,NH Bridge,280.0,1.14,16.0,114.0,15.0,115.0,12.0,20.0,2.5,3.0,3.0,57.78,0.0,0.0
MAD86201853023,2018-08-06, Pit 2 Road side West (RW) and RL 360 TO RL350,805.6,55.0,NH Bridge,175.0,2.92,51.0,114.0,10.0,115.0,10.0,20.0,2.5,3.0,3.0,40.28,0.0,0.0
MAD810201854920,2018-08-10, Pit 2 Road side West (RW) and RL 360 TO RL350,1158.36,70.0,Gandhi Nagar,720.0,1.33,20.0,100.0,20.0,115.0,12.0,21.0,2.5,3.0,3.0,55.16,0.0,0.0
MAD814201845254,2018-08-14, Pit 2 Road side West (RW) and RL 350 TO RL340,948.26,67.0,Highway Bridge,290.0,1.27,20.0,112.0,10.0,115.0,12.0,17.0,2.5,3.5,3.0,55.78,0.0,0.0
MAD821201852024,2018-08-18, Pit 2 Road side West (RW) and RL 370 TO RL 380,1120.08,58.0,Gandhi Nagar,720.0,1.4,1.64,100.0,15.0,115.0,11.0,26.0,2.5,3.5,3.0,43.08,0.0,0.0
MAD821201855311,2018-08-21, Pit 1 Road side East (RE) and RL390 TO RL380,1546.6,40.0,Myl Kal,393.0,1.21,22.0,130.0,15.0,115.0,8.0,37.0,2.5,3.0,3.0,41.8,0.0,0.0
MAD822201850324,2018-08-22, Pit 2 Road side West (RW) and RL370 TO RL360,1299.82,76.0,NH Bridge,329.0,1.14,47.0,114.0,20.0,115.0,12.0,17.0,2.5,3.0,2.6,76.46,0.0,0.0
MAD96201842305,2018-09-06, Pit 2 Road side West (RW) and RL 360 TO RL350,1205.6,71.0,Highway Bridge,230.0,1.97,57.0,122.0,0.0,115.0,12.0,20.0,2.5,3.2,3.0,60.28,0.0,0.0
MAD98201852116,2018-09-08, Pit 2 Road side West (RW) and RL 370 TO RL 380,1424.85,67.0,gandhinagar,500.0,1.59,15.0,100.0,0.0,115.0,12.0,21.0,2.5,3.0,3.0,67.85,5000.0,0.0
MAD911201844650,2018-09-11, Pit 1 Road side East (RE) and RL390 TO RL380,1255.6,76.0,MYLKAL,380.0,1.21,16.0,106.0,10.0,115.0,12.0,20.0,3.0,4.0,3.0,62.78,0.0,0.0
MAD914201834244,2018-09-14, Pit 2 Road side West (RW) and RL 360 TO RL350,536.12,48.0,Highway Bridge,320.0,1.14,47.0,114.0,10.0,115.0,10.0,13.0,2.5,3.0,3.0,41.24,0.0,0.0
MAD919201843949,2018-09-19, Pit 1 Road side East (RE) and RL400 TO RL390,1574.37,32.0,Hill back RE house,338.0,1.4,39.0,100.0,15.0,115.0,6.5,51.0,2.5,3.5,2.5,30.87,0.0,0.0
MAD924201850008,2018-09-24, Pit 2 Road side West (RW) and RL370 TO RL360,466.0,27.0,High way Bridge,150.0,1.71,43.0,117.0,10.0,115.0,5.5,20.0,2.5,3.0,2.5,23.3,0.0,0.0
MAD929201864428,2018-09-29, Pit 2 Road side West (RW) and RL370 TO RL360,1683.76,64.76,Gandinagar,700.0,1.97,1.46,100.0,0.0,115.0,12.0,26.0,2.5,3.0,3.0,64.76,6500.0,3.86
MAD109201833011,2018-10-09, Pit 2 Road side West (RW) and RL390 TO RL380,824.78,38.0,Gandhi Nagar,650.0,1.02,18.0,100.0,10.0,115.0,7.5,22.0,2.5,3.5,2.5,37.49,0.0,0.0
MAD1112201845505,2018-11-12, Pit 2 Road side West (RW) and RL 370 TO RL 380,1224.85,72.0,Highway Bridge,175.0,3.3,47.0,120.8,10.0,115.0,12.0,17.0,2.5,3.0,2.5,72.05,0.0,0.0
MAD1115201833453,2018-11-14, Pit 1 Road side East (RE) and RL 368 TO RL 356,633.36,68.0,High way bridge,320.0,1.67,0.0,114.0,20.0,115.0,12.0,12.0,2.5,3.5,3.0,52.78,0.0,0.0
MAD1117201844940,2018-11-16, Pit 2 Road side West (RW) and RL 360 TO RL350,350.0,18.0,Highway Bridge,265.0,1.21,0.0,112.0,10.0,115.0,4.0,20.0,2.5,3.0,2.0,17.5,0.0,0.0
MAD1119201863312,2018-11-19, Pit 1 Road side East (RE) and RL390 TO RL380,450.0,23.0,Highway Bridge,250.0,2.48,47.0,114.0,10.0,115.0,5.0,20.0,2.5,3.0,2.0,22.5,0.0,0.0
MAD1120201860434,2018-11-19, Pit 1 Road side East (RE) and RL390 TO RL380,1098.9,75.0,Mylkal,340.0,1.91,28.0,117.0,10.0,115.0,12.0,18.0,2.5,3.0,3.0,61.05,0.0,0.0
MAD1121201860952,2018-11-21, Pit 1 Road side East (RE) and RL390 TO RL380,1700.16,77.0,Highway Bridge,330.0,2.16,23.0,126.8,15.0,115.0,12.0,24.0,2.5,3.0,3.0,70.84,0.0,0.0
MAD1123201855549,2018-11-22, Pit 2 Road side West (RW) and RL370 TO RL360,799.71,41.0,Gandhi Nagar,650.0,1.02,20.0,100.0,10.0,115.0,9.5,19.0,2.5,3.5,3.0,42.09,0.0,0.0
MAD11272018101334,2018-11-24, Pit 2 Road side West (RW) and RL390 TO RL380,797.13,71.0,Gandhi Nagar,600.0,2.79,16.0,100.0,10.0,115.0,12.0,17.0,2.5,3.5,3.0,46.89,0.0,0.0
MAD1130201860836,2018-11-29, Pit 1 Road side East (RE) and RL390 TO RL380,583.32,63.0,MylKal,345.0,1.02,34.0,112.0,5.0,115.0,12.0,12.0,2.5,3.0,3.0,48.61,0.0,0.0
MAD1130201855909,2018-11-30, Pit 2 Road side West (RW) and RL370 TO RL360,933.44,34.0,Highway bridge,200.0,1.59,39.0,106.0,5.0,115.0,12.0,16.0,2.5,3.0,2.5,58.34,0.0,0.0
MAD123201861142,2018-12-02, Pit 1 Road side East (RE) and RL390 TO RL380,894.4,72.0,Myl Kal,350.0,4.45,34.0,100.0,10.0,115.0,12.0,16.0,2.5,3.0,3.5,55.9,0.0,0.0
MAD124201860615,2018-12-03, Pit 1 Road side East (RE) and RL390 TO RL380,900.0,40.0,Myl Kal,355.0,1.21,43.0,119.0,10.0,115.0,8.0,20.0,2.5,3.5,3.0,45.0,0.0,0.0
MAD125201861117,2018-12-05, Pit 1 Road side East (RE) and RL390 TO RL380,797.18,35.0,Myl kal,380.0,1.14,23.0,100.0,10.0,115.0,7.5,23.0,2.5,3.0,2.5,34.66,0.0,0.0
MAD126201843126,2018-12-06, Pit 1 Road side East (RE) and RL390 TO RL380,925.0,47.0,Highway Bridge,200.0,2.35,17.0,112.0,10.0,115.0,8.0,20.0,2.5,3.5,3.0,46.25,0.0,0.0
MAD1210201854616,2018-12-10, Pit 2 Road side West (RW) and RL 360 TO RL350,411.0,69.0,Gandhi Nagar,650.0,1.14,18.0,100.0,10.0,115.0,12.0,6.0,2.5,3.0,3.0,68.5,0.0,0.0
MAD1212201882640,2018-12-11, Pit 2 Road side West (RW) and RL390 TO RL380,1149.85,39.65,Gandinagar,700.0,1.46,18.0,100.0,0.0,121.0,7.5,29.0,3.0,3.5,3.0,39.65,0.0,0.0
MAD1215201830941,2018-12-15, Pit 1 Road side East (RE) and RL390 TO RL380,1199.88,81.0,Gandhi Nagar,375.0,2.41,30.0,112.0,10.0,115.0,12.0,18.0,2.5,3.0,4.0,66.66,0.0,0.0
MAD1219201853335,2018-12-19, Pit 2 Road side West (RW) and RL390 TO RL380,799.92,73.0,Gandinagar,650.0,1.14,18.0,100.0,0.0,121.0,11.5,11.0,3.0,3.0,3.0,72.72,2600.0,3.25
MAD13201945632,2019-01-01, Pit 1 Road side East (RE) and RL390 TO RL380,1200.0,60.0,Myl kal,355.0,1.4,0.0,125.6,10.0,115.0,12.0,20.0,2.5,3.0,3.0,60.0,0.0,0.0
MAD15201955555,2019-01-03, Pit 1 Road side East (RE) and RL390 TO RL380,1400.0,70.0,Highway Bridge,225.0,1.14,21.0,120.0,10.0,115.0,12.0,20.0,2.5,3.0,3.0,70.0,0.0,0.0
MAD17201961133,2019-01-07, Pit 1 Road side East (RE) and RL390 TO RL380,474.98,15.0,Highway Bridge,300.0,2.54,57.0,117.0,20.0,115.0,4.0,34.0,2.5,3.0,2.0,13.97,0.0,0.0
MAD110201944018,2019-01-09, Pit 1 Road side East (RE) and RL390 TO RL380,1049.92,65.0,Mylkal,360.0,2.16,17.0,119.0,10.0,115.0,12.0,16.0,2.5,3.0,3.0,65.62,0.0,0.0
MAD115201945154,2019-01-14, Pit 1 Road side East (RE) and RL390 TO RL380,1174.88,74.0,Highway Bridge,175.0,3.18,39.0,131.0,15.0,115.0,12.0,16.0,2.5,3.0,3.0,73.43,0.0,0.0
MAD118201934725,2019-01-17, Pit 2 Road side West (RW) and RL390 TO RL380,675.0,34.0,HighwayBridge,275.0,1.08,18.0,116.0,10.0,115.0,6.0,20.0,2.5,3.5,2.0,33.75,0.0,0.0
MAD123201960941,2019-01-22, Pit 1 Road side East (RE) and RL385,1574.79,72.0,Highway Bridge,325.0,1.4,21.0,119.0,20.0,115.0,12.0,21.0,2.5,3.0,3.0,74.99,0.0,0.0
MAD126201951049,2019-01-25, Pit 1 Road side East (RE) and RL370 to RL360,400.29,13.0,Myl kal,360.0,1.21,34.0,112.0,10.0,115.0,4.0,33.0,2.0,3.0,2.0,12.13,0.0,0.0
MAD26201942140,2019-01-31, Pit 2 Road side West (RW) and RL390 TO RL380,549.89,50.0,Gandhi Nagar,600.0,1.08,20.0,100.0,20.0,115.0,10.0,11.0,2.5,3.5,3.0,49.99,0.0,0.0
MAD27201961544,2019-02-05, Pit 1 Road side East (RE) and RL385,939.96,68.0,Highway Bridge,250.0,2.1,51.0,114.0,10.0,115.0,11.0,14.0,2.5,3.5,3.0,67.14,0.0,0.0
MAD29201935258,2019-02-09, Pit 1 Road side East (RE) and RL380 to RL370,799.82,57.0,Mylkal,355.0,1.46,39.0,116.0,10.0,115.0,10.0,14.0,2.5,3.5,3.0,57.13,0.0,0.0
MAD219201945803,2019-02-18, Pit 1 Road side East (RE) and RL380 to RL370,794.31,0.0,Myl kal,350.0,1.51,0.0,121.0,15.0,115.0,6.0,33.0,2.5,3.0,2.5,24.07,0.0,0.0
MAD219201945803,2019-02-18, Pit 1 Road side East (RE) and RL380 to RL370,794.31,0.0,Myl kal,350.0,1.59,28.0,121.0,15.0,115.0,6.0,33.0,2.5,3.0,2.5,24.07,0.0,0.0
MAD222201952153,2019-02-21, Pit 2 Road side West (RW) and RL 370 TO RL 380,2074.68,61.0,High way Bridge,250.0,2.86,37.0,114.0,10.0,115.0,10.0,34.0,2.5,3.0,3.0,61.02,0.0,0.0
MAD2252019114334,2019-02-23, Pit 2 Road side West (RW) and RL390 TO RL380,1774.64,63.0,Gandhi Nagar,650.0,1.91,15.0,100.0,15.0,115.0,10.0,28.0,2.5,3.0,3.0,63.38,0.0,0.0
MAD37201960916,2019-03-06, Pit 1 Road side East (RE) and RL 368 TO RL 356,632.72,80.0,Mylkal,325.0,2.98,16.0,109.0,10.0,115.0,12.0,8.0,2.5,3.0,3.0,79.09,0.0,0.0
MAD38201943522,2019-03-08, Pit 1 Road side East (RE) and RL 368 TO RL 356,1516.2,49.0,Mylkal,335.0,2.73,64.0,119.0,15.0,115.0,8.0,30.0,2.5,3.0,3.0,50.54,0.0,0.0
MAD39201930939,2019-03-09, Pit 2 Road side West (RW) and RL 360 TO RL350,825.0,69.0,Gandhi Nagar,625.0,1.14,12.0,100.0,0.0,100.0,12.0,12.0,2.5,3.0,3.0,68.75,0.0,0.0
MAD313201954457,2019-03-13, Pit 2 Road side West (RW) and RL370 TO RL360,383.4,14.0,Highway Bridge,325.0,1.08,34.0,116.0,30.0,100.0,4.0,30.0,2.5,3.0,2.0,12.78,0.0,0.0
MAD318201944409,2019-03-18, Pit 1 Road side East (RE) and RL356 TO RL344,849.78,47.22,Mailkal,350.0,1.97,57.0,110.0,0.0,115.0,8.0,18.0,2.5,3.0,2.5,47.21,2808.0,3.3
MAD320201994838,2019-03-20, Pit 2 Road side West (RW) and RL370 TO RL360,699.93,78.0,Gandhi Nagar,650.0,1.27,1.33,100.0,15.0,115.0,12.0,9.0,2.5,3.0,3.0,77.77,0.0,0.0
MAD321201970324,2019-03-21, Pit 1 Road side East (RE) and RL380 to RL370,724.5,16.0,Mylkal,370.0,1.08,28.0,112.0,15.0,115.0,4.0,45.0,2.5,3.0,2.0,16.1,0.0,0.0
MAD330201925904,2019-03-29, Pit 1 Road side East (RE) and RL 380 TO RL 368,319.68,13.0,Myl kal,360.0,1.14,27.0,112.0,15.0,115.0,4.0,24.0,2.5,3.0,2.0,13.32,0.0,0.0
MAD42201961231,2019-03-30, Pit 1 Road side East (RE) and RL390 TO RL380,575.1,13.0,Myl kal,345.0,1.52,30.0,112.0,20.0,115.0,4.0,45.0,2.5,3.0,2.0,12.78,0.0,0.0
MAD44201944843,2019-04-04, Pit 1 Road side East (RE) and RL 368 TO RL 356,299.77,10.0,Highway Bridge,200.0,3.56,43.0,121.0,20.0,115.0,3.5,31.0,2.2,3.0,2.0,9.67,0.0,0.0
MAD49201955534,2019-04-08, Pit 2 Road side West (RW) and RL370 TO RL360,350.0,18.0,Highway Bridge,175.0,1.78,51.0,115.6,10.0,115.0,4.0,20.0,2.5,3.0,2.0,17.5,0.0,0.0
MAD412201955627,2019-04-11, Pit 2 Road side West (RW) and RL370 TO RL360,399.96,67.0,Gandhi Nagar,600.0,1.33,11.0,100.0,15.0,115.0,12.0,6.0,2.5,3.5,3.0,66.66,0.0,0.0
MAD413201954200,2019-04-12, Pit 2 Road side West (RW) and RL370 TO RL360,674.8,49.0,Highway Bridge,275.0,1.4,57.0,112.0,10.0,115.0,8.0,14.0,2.5,3.0,3.0,48.2,0.0,0.0
MAD414201945830,2019-04-13, Pit 2 Road side West (RW) and RL370 TO RL360,1109.16,85.0,Highway Bridge,200.0,3.18,64.0,112.0,10.0,115.0,12.0,13.0,2.5,3.5,3.0,85.32,0.0,0.0
MAD418201993535,2019-04-17, Pit 1 Road side East (RE) and RL390 TO RL380,800.0,50.0,Mylkal,340.0,1.97,19.0,109.5,10.0,115.0,9.0,16.0,2.5,3.0,3.0,50.0,0.0,0.0
MAD424201945624,2019-04-23, Pit 2 Road side West (RW) and RL370 TO RL360,950.04,69.0,Highway Bridge,250.0,2.92,39.0,112.0,10.0,115.0,12.0,14.0,2.5,3.0,3.0,67.86,0.0,0.0
MAD425201913940,2019-04-24, Pit 2 Road side West (RW) and RL 360 TO RL350,624.8,16.0,HW,350.0,1.46,27.0,112.0,15.0,115.0,4.0,40.0,2.5,3.0,2.0,15.62,0.0,0.0
MAD54201934231,2019-05-03, Pit 1 Road side East (RE) and RL390 TO RL380,525.15,12.0,Mylkal,425.0,1.46,37.0,124.0,15.0,115.0,3.5,45.0,2.2,3.0,2.0,11.67,0.0,0.0
MAD55201993825,2019-05-04, Pit 1 Road side East (RE) and RL 380 to 370,450.0,56.0,Highway bridge,260.0,1.02,17.0,114.0,10.0,115.0,11.0,8.0,2.5,3.0,3.0,56.25,0.0,0.0
MAD511201945008,2019-05-10, Pit 2 Road side West (RW) and RL 370 TO RL 380,949.92,40.0,Highway Bridge,325.0,2.98,34.0,121.0,10.0,115.0,7.0,24.0,2.5,3.0,2.5,39.58,0.0,0.0
MAD515201981623,2019-05-14, Pit 1 Road side East (RE) and RL390 TO RL380,600.0,60.0,Highway Bridge,200.0,1.78,26.0,112.0,10.0,115.0,11.5,10.0,2.5,3.0,3.0,60.0,0.0,0.0
MAD517201955442,2019-05-17, Pit 1 Road side East (RE) and RL385,900.18,50.0,Highway Bridge,210.0,1.84,28.0,114.0,10.0,115.0,9.0,18.0,2.5,3.0,3.0,50.01,0.0,0.0
MAD519201950837,2019-05-18, Pit 2 Road side West (RW) and RL 360 TO RL350,505.4,12.0,Highway Bridge,350.0,1.02,17.0,116.9,15.0,115.0,3.5,38.0,2.2,3.0,2.0,13.3,0.0,0.0
MAD525201934958,2019-05-24, Pit 2 Road side West (RW) and RL340 TO RL330,424.76,12.0,Highway Bridge,360.0,1.71,47.0,125.0,25.0,115.0,3.5,37.0,2.2,3.0,2.0,11.48,0.0,0.0
MAD525201954734,2019-05-25, Pit 2 Road side West (RW) and RL 350 TO RL340,249.9,8.33,NH,350.0,1.08,37.0,100.0,0.0,115.0,4.0,30.0,2.5,3.0,2.5,8.33,2300.0,9.2
MAD525201961152,2019-05-25, Pit 1 Road side East (RE) and RL 380 TO RL 368,999.9,55.55,Mailkal,300.0,9.4,23.0,110.0,0.0,115.0,9.5,18.0,2.5,3.0,2.5,55.55,3400.0,3.4
MAD529201943758,2019-05-27, Pit 1 Road side East (RE) and RL356 TO RL344,799.52,21.05,Mailkal,350.0,1.52,57.0,100.0,0.0,115.0,6.0,38.0,2.5,3.0,2.5,21.04,4000.0,5.0
MAD529201950651,2019-05-28, Pit 1 Road side East (RE) and RL 368 TO RL 356,475.0,23.75,Mailkal,350.0,1.27,34.0,112.0,0.0,115.0,6.0,20.0,2.5,3.0,2.5,23.75,2000.0,4.21
MAD529201941225,2019-05-29, Pit 1 Road side East (RE) and RL390 TO RL380,849.8,60.71,NH,200.0,1.14,24.0,112.0,0.0,115.0,9.5,14.0,2.5,3.0,2.5,60.7,2800.0,3.29
MAD531201950601,2019-05-31, Pit 2 Road side West (RW) and RL 360 TO RL350,1199.84,75.0,NH,280.0,4.13,57.0,117.0,0.0,121.0,11.0,16.0,2.5,3.0,3.0,74.99,3000.0,2.5
MAD68201954535,2019-06-07, Pit 1 Road side East (RE) and RL385,835.8,60.0,Highway Bridge,275.0,1.27,24.0,117.0,10.0,115.0,9.5,14.0,2.5,3.0,3.0,59.7,0.0,0.0
MAD611201915724,2019-06-10, Pit 1 Road side East (RE) and RL 368 TO RL 356,787.2,12.0,Highway,350.0,2.29,57.0,112.0,25.0,115.0,3.5,64.0,2.2,3.0,2.0,12.3,0.0,0.0
MAD614201960351,2019-06-13, Pit 1 Road side East (RE) and RL390 TO RL380,625.0,32.0,Highway Bridge,210.0,2.1,28.0,118.0,10.0,115.0,6.0,20.0,2.5,3.0,2.5,31.25,0.0,0.0
MAD618201962217,2019-06-17, Pit 2 Road side West (RW) and RL370 TO RL360,1150.05,68.0,Highway Bridge,200.0,1.72,22.0,114.0,10.0,115.0,11.5,17.0,2.5,3.5,3.0,67.65,0.0,0.0
MAD619201961225,2019-06-18, Pit 1 Road side East (RE) and RL380 to RL370,724.92,59.0,Myl kal,412.0,1.46,19.0,100.0,10.0,115.0,10.0,12.0,2.5,3.0,3.0,60.41,0.0,0.0
MAD621201950622,2019-06-20, Pit 2 Road side West (RW) and RL370 TO RL360,350.0,35.0,Highway Bridge,200.0,1.27,39.0,118.0,10.0,115.0,7.0,10.0,2.5,3.0,2.5,35.0,0.0,0.0
MAD622201921812,2019-06-21, Pit 1 Road side East (RE) and RL390 TO RL380,714.96,60.0,Highway Bridge,175.0,2.79,22.0,122.0,10.0,115.0,11.0,12.0,2.5,3.0,3.0,59.58,0.0,0.0
MAD623201950241,2019-06-22, Pit 1 Road side East (RE) and RL 320 TO RL 330,499.84,16.0,Highway Bridge,125.0,4.32,39.0,124.0,10.0,115.0,4.0,32.0,2.2,3.0,2.0,15.62,0.0,0.0
MAD627201945853,2019-06-24, Pit 1 Road side East (RE) and RL390 TO RL380,849.66,17.0,Highway Bridge,250.0,4.38,47.0,118.0,15.0,115.0,4.5,51.0,2.5,3.0,2.0,16.66,0.0,0.0
MAD630201985438,2019-06-29, Pit 2 Road side West (RW) and RL370 TO RL360,1149.98,89.0,Highway Bridge,215.0,1.27,21.0,118.0,10.0,115.0,12.0,13.0,2.5,3.5,2.5,88.46,0.0,0.0
MAD73201952901,2019-07-01, Pit 1 Road side East (RE) and RL 380 to 370,1250.1,42.0,HW,350.0,1.02,27.0,100.0,15.0,115.0,6.5,30.0,2.5,3.0,2.5,41.67,0.0,0.0
MAD713201925307,2019-07-11, Pit 1 Road side East (RE) and RL390 TO RL380,850.68,24.0,Highway Bridge,325.0,2.48,73.0,116.0,20.0,115.0,5.0,36.0,2.5,3.0,2.15,23.63,0.0,0.0
MAD716201935115,2019-07-13, Pit 2 Road side West (RW) and RL370 TO RL360,650.0,83.0,Highway Bridge,200.0,1.14,11.0,115.6,10.0,115.0,12.0,8.0,2.5,3.0,3.0,81.25,0.0,0.0
MAD716201943514,2019-07-16, Pit 1 Road side East (RE) and RL390 TO RL380,799.89,62.0,Highway Bridge,250.0,2.86,32.0,114.0,10.0,115.0,11.0,13.0,2.5,3.0,3.0,61.53,0.0,0.0
MAD718201963011,2019-07-18, Pit 1 Road side East (RE) and RL390 TO RL380,499.86,28.0,Highway Bridge,275.0,3.37,20.0,115.5,10.0,115.0,6.0,18.0,2.5,3.0,2.5,27.77,0.0,0.0
MAD719201954754,2019-07-19, Pit 1 Road side East (RE) and RL 380 to 370,450.0,18.0,Highway Bridge,325.0,1.43,57.0,112.0,15.0,115.0,4.5,25.0,2.5,3.0,2.75,18.0,0.0,0.0
MAD721201955834,2019-07-20, Pit 1 Road side East (RE) and RL 380 to 370,1174.88,84.0,Highway Bridge,190.0,2.35,17.0,109.5,10.0,115.0,12.0,14.0,2.5,3.5,3.0,83.92,0.0,0.0
MAD721201955834,2019-07-20, Pit 1 Road side East (RE) and RL 380 to 370,1174.88,84.0,Highway Bridge,190.0,2.35,17.0,109.5,10.0,115.0,12.0,14.0,2.5,3.5,3.0,83.92,0.0,0.0
MAD722201961000,2019-07-22, Pit 2 Road side West (RW) and RL370 TO RL360,799.68,14.0,Highway Bridge,340.0,1.59,43.0,117.0,15.0,115.0,4.0,51.0,2.2,3.0,2.0,15.68,0.0,0.0
MAD723201962550,2019-07-23, Pit 1 Road side East (RE) and RL390 TO RL380,600.0,60.0,Highway Bridge,200.0,2.22,19.0,118.0,10.0,115.0,10.0,10.0,2.5,3.0,3.0,60.0,0.0,0.0
MAD726201970008,2019-07-25, Pit 1 Road side East (RE) and RL 380 to 370,499.8,18.0,Highway Bridge,320.0,2.03,64.0,118.0,15.0,115.0,4.0,28.0,2.2,3.0,2.0,17.85,0.0,0.0
MAD730201944355,2019-07-30, Pit 1 Road side East (RE) and RL390 TO RL380,774.8,30.0,Highway Bridge,305.0,4.06,57.0,117.0,10.0,115.0,6.5,26.0,2.5,3.0,2.5,29.8,0.0,0.0
MAD85201971344,2019-08-02, Pit 1 Road side East (RE) and RL380 to RL370,1075.0,43.0,Highway Bridge,320.0,3.94,30.0,117.0,10.0,115.0,8.0,25.0,2.5,3.0,2.5,43.0,0.0,0.0
MAD872019120928,2019-08-03, Pit 2 Road side West (RW) and RL 370 TO RL 380,400.2,34.0,Highway Bridge,200.0,2.03,18.0,114.0,10.0,115.0,8.0,12.0,2.5,3.0,3.0,33.35,0.0,0.0
MAD87201921752,2019-08-05, Pit 2 Road side West (RW) and RL370 TO RL360,874.92,73.0,Highway Bridge,175.0,3.49,57.0,114.0,0.0,115.0,10.0,12.0,2.5,3.0,3.0,72.91,0.0,0.0
MAD812201944732,2019-08-12, Pit 2 Road side West (RW) and RL370 TO RL360,499.72,16.0,Highway Bridge,340.0,1.14,39.0,117.0,10.0,115.0,4.0,31.0,2.2,3.0,2.0,16.12,0.0,0.0
MAD813201945041,2019-08-13, Pit 1 Road side East (RE) and RL390 TO RL380,699.84,39.0,Highway Bridge,210.0,5.08,20.0,112.0,10.0,115.0,7.0,18.0,2.2,2.5,2.5,38.88,0.0,0.0
MAD819201943253,2019-08-16, Pit 2 Road side West (RW) and RL370 TO RL360,1338.0,67.0,Highway Bridge,150.0,4.06,28.0,114.0,10.0,121.0,10.0,20.0,2.5,3.0,3.0,66.9,0.0,0.0
MAD822201943642,2019-08-22, Pit 1 Road side East (RE) and RL380 to RL370,875.0,45.0,Myl kal,200.0,1.71,85.0,109.5,10.0,115.0,7.0,20.0,2.2,3.0,2.5,43.75,0.0,0.0
MAD824201952743,2019-08-23, Pit 1 Road side East (RE) and RL 380 to 370,1149.96,82.0,Highway Bridge,175.0,1.52,34.0,118.0,10.0,121.0,10.0,14.0,2.5,3.2,3.0,82.14,0.0,0.0
MAD824201955143,2019-08-23, Pit 1 Road side East (RE) and RL420 TO RL410,725.0,37.0,Myl kal,400.0,1.08,19.0,106.0,20.0,115.0,6.0,20.0,2.5,3.0,2.25,36.25,0.0,0.0
MAD826201961548,2019-08-26, Pit 1 Road side East (RE) and RL385,1100.0,55.0,Highway Bridge,175.0,2.67,17.0,115.6,10.0,115.0,8.0,20.0,2.5,3.0,2.5,55.0,0.0,0.0
MAD827201944615,2019-08-27, Pit 1 Road side East (RE) and RL390 TO RL380,899.86,36.0,Highway Bridge,310.0,1.65,57.0,117.0,15.0,115.0,7.0,26.0,2.2,3.0,2.5,34.61,0.0,0.0
MAD8302019110323,2019-08-29, Pit 1 Road side East (RE) and RL385,974.51,51.0,Highway Bridge,175.0,1.84,32.0,115.6,10.0,121.0,8.0,19.0,2.5,3.0,2.5,51.29,0.0,0.0
MAD830201965852,2019-08-30, Pit 1 Road side East (RE) and RL380 to RL370,1001.3,60.0,Highway Bridge,210.0,1.84,18.0,114.0,10.0,115.0,10.0,17.0,2.5,3.0,3.0,58.9,0.0,0.0
MAD94201954309,2019-09-03, Pit 1 Road side East (RE) and 385,824.98,44.0,Highway Bridge,175.0,2.16,47.0,115.6,10.0,115.0,8.0,19.0,2.5,3.5,2.5,43.42,0.0,0.0
MAD98201975506,2019-09-07, Pit 1 Road side East (RE) and RL380 TO RL370,549.92,40.0,Highway Bridge,175.0,4.89,47.0,120.0,10.0,115.0,8.0,14.0,2.5,3.5,2.5,39.28,0.0,0.0
MAD99201950635,2019-09-09, Pit 2 Road side West (RW) and RL370 TO RL360,1250.1,70.0,Highway Bridge,190.0,1.84,64.0,118.0,10.0,115.0,10.0,18.0,2.5,3.5,2.5,69.45,0.0,0.0
MAD912201950058,2019-09-11, Pit 2 Road side West (RW) and RL370 TO RL360,1205.47,71.0,Highway Bridge,200.0,1.02,64.0,117.0,10.0,121.0,10.0,17.0,2.5,3.5,3.0,70.91,0.0,0.0
MAD913201953051,2019-09-13, Pit 1 Road side East (RE) and RL380 TO RL370,1074.84,27.0,Highway Bridge,310.0,1.46,73.0,118.0,15.0,121.0,6.0,39.0,2.5,3.0,2.0,27.56,0.0,0.0
MAD916201950650,2019-09-16, Pit 2 Road side West (RW) and RL 360 TO RL350,1024.94,73.0,Highway Bridge,225.0,1.08,43.0,122.0,10.0,121.0,10.0,14.0,2.5,3.5,3.0,73.21,0.0,0.0
MAD917201953649,2019-09-17, Pit 2 Road side West (RW) and RL 360 TO RL350,450.0,90.0,Highway Bridge,150.0,2.03,57.0,117.0,10.0,121.0,12.0,5.0,2.5,3.5,3.0,90.0,0.0,0.0
MAD920201961231,2019-09-19, Pit 1 Road side East (RE) and RL 380 to 370,1299.78,72.0,Highway Bridge,150.0,1.78,27.0,115.6,10.0,121.0,10.0,18.0,2.5,3.5,3.0,72.21,0.0,0.0
MAD923201912612,2019-09-20, Pit 1 Road side East (RE) and RL380 TO RL370,575.0,29.0,Highway Bridge,200.0,1.02,73.0,115.6,10.0,121.0,6.0,20.0,2.5,3.5,2.5,28.75,0.0,0.0
MAD926201935750,2019-09-25, Pit 1 Road side East (RE) and RL380 TO RL370,574.94,30.0,Highway Bridge,175.0,2.98,64.0,115.6,10.0,115.0,7.0,19.0,2.5,3.0,2.5,30.26,0.0,0.0
MAD1116201940904,2019-11-14, Pit 1 Road side East (RE) and RL380 TO RL370,849.83,0.0,Highway Bridge,150.0,1.02,57.0,116.0,10.0,121.0,8.0,17.0,2.5,3.5,2.5,49.99,0.0,0.0
MAD1115201944213,2019-11-15, Pit 1 Road side East (RE) and RL380 TO RL370,375.03,50.0,Highway Bridge,175.0,3.49,47.0,114.0,10.0,115.0,8.0,9.0,2.5,3.5,2.5,41.67,0.0,0.0
MAD1124201961952,2019-11-23, Pit 1 Road side East (RE) and RL390 TO RL380,848.98,74.0,Highway Bridge,150.0,2.1,65.0,109.5,10.0,121.0,10.0,11.0,2.5,3.5,3.0,77.18,0.0,0.0
MAD1124201961952,2019-11-23, Pit 1 Road side East (RE) and RL390 TO RL380,848.98,74.0,Highway Bridge,150.0,2.1,65.0,109.5,10.0,121.0,10.0,11.0,2.5,3.5,3.0,77.18,0.0,0.0
MAD1124201970714,2019-11-23, Pit 1 Road side East (RE) and RL380 TO RL370,476.96,49.0,Highway Bridge,200.0,2.1,65.0,109.5,10.0,121.0,8.0,11.0,2.5,3.5,2.5,43.36,0.0,0.0
MAD1126201941646,2019-11-25, Pit 1 Road side East (RE) and RL380 TO RL370,674.88,36.0,Highway Bridge,125.0,3.62,30.0,117.0,10.0,121.0,6.0,19.0,2.5,3.0,2.25,35.52,0.0,0.0
MAD1126201954139,2019-11-26, Pit 1 Road side East (RE) and RL380 TO RL370,483.3,48.0,Highway Bridge,175.0,1.21,43.0,112.0,10.0,121.0,6.0,10.0,2.5,3.5,2.25,48.33,0.0,0.0
MAD1127201943855,2019-11-27, Pit 1 Road side East (RE) and RL380 TO RL370,808.26,43.0,Highway Bridge,175.0,1.27,57.0,114.0,10.0,121.0,6.0,19.0,2.5,3.5,2.5,42.54,0.0,0.0
MAD1128201960219,2019-11-28, Pit 1 Road side East (RE) and RL380 TO RL370,400.08,34.0,Highway Bridge,175.0,1.14,32.0,109.5,10.0,115.0,6.0,12.0,2.5,3.0,2.5,33.34,0.0,0.0
MAD122201943056,2019-12-02, Pit 1 Road side East (RE) and RL380 TO RL370,613.76,44.0,Highway Bridge,150.0,2.35,43.0,112.0,10.0,121.0,7.0,14.0,2.5,3.5,2.5,43.84,0.0,0.0
MAD129201935551,2019-12-09, Pit 1 Road side East (RE) and RL380 to RL370,900.0,50.0,Myl kal,200.0,3.18,37.0,112.0,10.0,121.0,8.0,18.0,2.5,3.0,2.5,50.0,0.0,0.0
MAD1212201955036,2019-12-12, Pit 1 Road side East (RE) and RL370 TO RL360,199.8,11.0,Highway Bridge,175.0,2.54,51.0,124.0,10.0,121.0,3.5,18.0,2.0,3.0,2.0,11.1,0.0,0.0
MAD1213201944149,2019-12-13, Pit 1 Road side East (RE) and RL370 TO RL360,324.96,28.0,Highway Bridge,175.0,2.1,64.0,115.6,10.0,121.0,6.0,12.0,2.5,3.0,2.0,27.08,0.0,0.0
MAD1217201963434,2019-12-16, Pit 1 Road side East (RE) and RL370 TO RL360,675.07,36.0,Highway Bridge,175.0,1.84,73.0,114.0,10.0,121.0,6.0,19.0,2.5,3.0,2.0,35.53,0.0,0.0
MAD1217201965324,2019-12-17, Pit 1 Road side East (RE) and RL380 TO RL370,505.4,27.0,Highway Bridge,180.0,1.33,47.0,109.5,10.0,115.0,6.0,19.0,2.5,3.0,2.0,26.6,0.0,0.0
MAD18202075705,2020-01-04, Pit 1 Road side East (RE) and RL370 TO RL360,455.65,36.0,Highway Bridge,175.0,2.35,2.54,120.8,10.0,115.0,7.0,13.0,2.5,3.5,2.5,35.05,0.0,0.0
MAD116202034150,2020-01-06, Pit 1 Road side East (RE) and RL370 TO RL360,624.9,42.0,Highway Bridge,125.0,4.4,73.0,125.0,10.0,115.0,7.0,15.0,2.5,3.5,2.5,41.66,0.0,0.0
MAD118202011356,2020-01-08, Pit 1 Road side East (RE) and RL370 TO RL360,506.1,34.0,Highway Bridge,150.0,1.71,32.0,118.0,10.0,115.0,6.0,15.0,2.5,3.5,2.0,33.74,0.0,0.0
MAD118202014120,2020-01-11, Pit 1 Road side East (RE) and RL370 TO RL360,374.94,42.0,Highway Bridge,150.0,1.84,34.0,114.0,10.0,115.0,7.0,9.0,2.5,3.5,2.5,41.66,0.0,0.0
MAD1282020111059,2020-01-25, Pit 1 Road side East (RE) and RL380 TO RL370,200.0,40.0,Highway Bridge,125.0,2.73,51.0,124.0,10.0,115.0,7.0,5.0,2.5,3.5,2.5,40.0,0.0,0.0
MAD24202044639,2020-02-01, Pit 1 Road side East (RE) and RL370 TO RL360,800.02,48.0,Highway Bridge,150.0,2.35,57.0,112.0,10.0,115.0,7.5,17.0,2.5,3.5,2.5,47.06,0.0,0.0
MAD3192020101142,2020-02-05, Pit 1 Road side East (RE) and RL380 TO RL370,449.88,37.5,near highway bridge,250.0,1.46,7.0,116.0,0.0,122.0,7.0,12.0,3.0,3.5,3.0,37.49,0.0,0.0
MAD3192020104757,2020-02-08, Pit 1 Road side East (RE) and RL380 TO RL370,450.0,45.0,near highay bridge,250.0,4.51,5.0,130.0,0.0,122.0,7.5,10.0,3.0,3.5,3.0,45.0,0.0,0.0
MAD3192020111008,2020-02-12, Pit 1 Road side East (RE) and RL380 TO RL370,566.58,27.38,near highway bridge,250.0,1.46,2.0,115.0,0.0,122.0,5.0,21.0,2.0,2.5,2.0,26.98,0.0,0.0
MAD218202044108,2020-02-18, Pit 1 Road side East (RE) and RL370 TO RL360,683.48,49.0,Highway Bridge,200.0,2.35,57.0,114.0,10.0,121.0,8.0,14.0,2.5,3.0,3.0,48.82,0.0,0.0
MAD224202055407,2020-02-24, Pit 1 Road side East (RE) and RL390 TO RL380,255.6,28.5,Under Bridge ,280.0,1.4,64.0,121.0,0.0,122.0,6.0,20.0,2.0,2.5,2.5,12.78,0.0,0.0
MAD34202055848,2020-03-04, Pit 1 Road side East (RE) and RL370 TO RL360,204.48,0.0,near highway bridge,250.0,2.1,4.0,115.0,0.0,122.0,6.0,16.0,3.0,3.5,2.0,12.78,0.0,0.0
MAD362020115110,2020-03-05, Pit 1 Road side East (RE) and RL390 TO RL380,306.72,29.0,Under Bridge ,250.0,1.91,57.0,117.0,0.0,122.0,6.0,24.0,3.0,3.5,2.0,12.78,0.0,0.0
MAD314202053601,2020-03-14, Pit 1 Road side East (RE) and RL370 TO RL360,178.92,35.7,near highway bridge,250.0,4.64,3.0,118.0,5.0,122.0,6.0,14.0,3.0,3.5,2.5,12.78,0.0,0.0
